name,phone,plan_name,plan_amount,plan_duration_days,join_date,expiry_date
Rahul Sharma,9876543201,Monthly,1200,30,2024-01-15,2026-03-10
Priya Singh,9876543202,Quarterly,3200,90,2024-02-01,2026-03-11
Amit Kumar,9876543203,Monthly,1200,30,2024-03-10,2026-03-12
Neha Patel,9876543204,Half-Yearly,5500,180,2024-01-20,2026-03-08
Vikram Reddy,9876543205,Annual,10000,365,2023-12-01,2026-04-15
Sunita Rao,9876543206,Monthly,1200,30,2024-04-05,2026-03-09
Deepak Joshi,9876543207,Quarterly,3200,90,2024-02-14,2026-05-01
Kavita Nair,9876543208,Monthly,1200,30,2024-05-20,2026-02-28
Suresh Gupta,9876543209,Annual,10000,365,2023-10-15,2026-06-20
Anita Verma,9876543210,Monthly,1200,30,2024-06-01,2026-03-07
Rajesh Iyer,9876543211,Quarterly,3200,90,2024-01-10,2026-03-06
Pooja Mehta,9876543212,Monthly,1200,30,2024-07-15,2026-03-05
Arun Pillai,9876543213,Half-Yearly,5500,180,2024-03-01,2026-03-04
Meena Chaudhary,9876543214,Monthly,1200,30,2024-08-20,2026-03-03
Kiran Bose,9876543215,Annual,10000,365,2024-01-01,2026-03-02
Sanjay Tiwari,9876543216,Monthly,1200,30,2024-09-10,2026-03-01
Lalita Das,9876543217,Quarterly,3200,90,2024-02-28,2026-02-28
Mohan Kulkarni,9876543218,Monthly,1200,30,2024-10-05,2026-02-20
Ritu Pandey,9876543219,Half-Yearly,5500,180,2024-04-15,2026-02-15
Ashok Mishra,9876543220,Annual,10000,365,2023-11-20,2026-02-10
Geeta Choudhury,9876543221,Monthly,1200,30,2024-11-01,2026-02-05
Vinod Shah,9876543222,Quarterly,3200,90,2024-03-20,2026-02-01
Shobha Krishnan,9876543223,Monthly,1200,30,2024-12-10,2026-01-25
Manoj Yadav,9876543224,Annual,10000,365,2024-02-01,2026-01-20
Usha Saxena,9876543225,Monthly,1200,30,2025-01-05,2026-01-15
Ramesh Tripathi,9876543226,Half-Yearly,5500,180,2024-05-10,2026-01-10
Savita Naik,9876543227,Monthly,1200,30,2025-02-01,2026-01-05
Prakash Hegde,9876543228,Quarterly,3200,90,2024-04-01,2025-12-31
Anjali Banerjee,9876543229,Monthly,1200,30,2025-03-01,2025-12-25
Sunil Chatterjee,9876543230,Annual,10000,365,2024-03-15,2025-12-20
Kamla Dubey,9876543231,Monthly,1200,30,2025-04-10,2025-12-15
Dilip Thakur,9876543232,Half-Yearly,5500,180,2024-06-20,2025-12-10
Shanta Awasthi,9876543233,Monthly,1200,30,2025-05-01,2025-12-05
Girish Menon,9876543234,Quarterly,3200,90,2024-05-15,2025-12-01
Rekha Srinivas,9876543235,Monthly,1200,30,2025-06-15,2025-11-30
Harish Bhatt,9876543236,Annual,10000,365,2024-04-01,2025-11-25
Sumitra Pawar,9876543237,Monthly,1200,30,2025-07-01,2025-11-20
Anil Deshpande,9876543238,Quarterly,3200,90,2024-06-10,2025-11-15
Manjula Rajan,9876543239,Monthly,1200,30,2025-07-20,2025-11-10
Satish Goyal,9876543240,Half-Yearly,5500,180,2024-07-05,2025-11-05
Pushpa Jain,9876543241,Monthly,1200,30,2025-08-01,2025-11-01
Devendra Agarwal,9876543242,Annual,10000,365,2024-05-10,2025-10-28
Nalini Bhattacharya,9876543243,Monthly,1200,30,2025-08-15,2025-10-25
Ganesh Patil,9876543244,Quarterly,3200,90,2024-07-20,2025-10-20
Sudha Wagh,9876543245,Monthly,1200,30,2025-09-01,2025-10-15
Rajan Shukla,9876543246,Half-Yearly,5500,180,2024-08-01,2025-10-10
Indu Rathore,9876543247,Monthly,1200,30,2025-09-10,2025-10-05
Chandra Swamy,9876543248,Annual,10000,365,2024-06-15,2025-10-01
Leela Rao,9876543249,Monthly,1200,30,2025-09-20,2025-09-30
Bharat Kapoor,9876543250,Quarterly,3200,90,2024-08-25,2025-09-25
Nirmala Bajaj,9876543251,Monthly,1200,30,2025-09-25,2025-09-25
Tarun Sinha,9876543252,Half-Yearly,5500,180,2024-09-10,2025-09-20
Padma Pillai,9876543253,Monthly,1200,30,2025-09-28,2025-09-20
Srinivas Murthy,9876543254,Annual,10000,365,2024-07-01,2025-09-15
Hemlata Shinde,9876543255,Monthly,1200,30,2025-08-20,2025-09-12
Arvind Tomar,9876543256,Quarterly,3200,90,2024-09-15,2025-09-10
Madhuri Kaur,9876543257,Monthly,1200,30,2025-08-10,2025-09-08
Shyam Nambiar,9876543258,Half-Yearly,5500,180,2024-10-01,2025-09-05
Champa Desai,9876543259,Monthly,1200,30,2025-08-05,2025-09-04
Vilas Kulkarni,9876543260,Annual,10000,365,2024-08-15,2025-09-01
Asha Iyengar,9876543261,Monthly,1200,30,2025-08-02,2025-08-28
Naresh Dixit,9876543262,Quarterly,3200,90,2024-10-20,2025-08-25
Sarita Shetty,9876543263,Monthly,1200,30,2025-07-28,2025-08-22
Bhushan Thorat,9876543264,Half-Yearly,5500,180,2024-11-05,2025-08-20
Vimala Ghosh,9876543265,Monthly,1200,30,2025-07-22,2025-08-18
Sudhir Mathur,9876543266,Annual,10000,365,2024-09-01,2025-08-15
Kalpana Reddy,9876543267,Monthly,1200,30,2025-07-15,2025-08-12
Narayan Chouhan,9876543268,Quarterly,3200,90,2024-11-10,2025-08-10
Rukmini Varma,9876543269,Monthly,1200,30,2025-07-10,2025-08-08
Jagdish Panda,9876543270,Half-Yearly,5500,180,2024-12-01,2025-08-05
Sudha Malhotra,9876543271,Monthly,1200,30,2025-07-05,2025-08-03
Mahesh Bhat,9876543272,Annual,10000,365,2024-10-15,2025-08-01
Kamini Rawat,9876543273,Monthly,1200,30,2025-06-30,2025-07-30
Santosh Lal,9876543274,Quarterly,3200,90,2024-12-20,2025-07-25
Bhavna Karnik,9876543275,Monthly,1200,30,2025-06-25,2025-07-22
Govind Apte,9876543276,Half-Yearly,5500,180,2025-01-10,2025-07-20
Sunanda Biswas,9876543277,Monthly,1200,30,2025-06-20,2025-07-18
Milind Soman,9876543278,Annual,10000,365,2024-11-01,2025-07-15
Chhaya Pillai,9876543279,Monthly,1200,30,2025-06-15,2025-07-12
Dinesh Solanki,9876543280,Quarterly,3200,90,2025-01-20,2025-07-10
Vandana Samant,9876543281,Monthly,1200,30,2025-06-10,2025-07-08
Ishwar Naidu,9876543282,Half-Yearly,5500,180,2025-02-01,2025-07-05
Lalitha Hegde,9876543283,Monthly,1200,30,2025-06-05,2025-07-03
Kishore Garg,9876543284,Annual,10000,365,2024-12-15,2025-07-01
Annapurna Datta,9876543285,Monthly,1200,30,2025-05-30,2025-06-28
Vijay Salvi,9876543286,Quarterly,3200,90,2025-02-10,2025-06-25
Meenakshi Suri,9876543287,Monthly,1200,30,2025-05-25,2025-06-22
Prabhat Misra,9876543288,Half-Yearly,5500,180,2025-03-01,2025-06-20
Shailaja Nene,9876543289,Monthly,1200,30,2025-05-20,2025-06-18
Hemant Chauhan,9876543290,Annual,10000,365,2025-01-10,2025-06-15
Sulochana Ghosh,9876543291,Monthly,1200,30,2025-05-15,2025-06-12
Rajendra Singhania,9876543292,Quarterly,3200,90,2025-03-10,2025-06-10
Vidya Parekh,9876543293,Monthly,1200,30,2025-05-10,2025-06-08
Balachandran Nair,9876543294,Half-Yearly,5500,180,2025-03-20,2025-06-05
Geeta Vaidya,9876543295,Monthly,1200,30,2025-05-05,2025-06-03
Prasanna Murthy,9876543296,Annual,10000,365,2025-02-01,2025-06-01
Sharmila Joshi,9876543297,Monthly,1200,30,2025-04-30,2025-05-28
Narahari Prabhu,9876543298,Quarterly,3200,90,2025-04-01,2025-05-25
Indira Kamath,9876543299,Monthly,1200,30,2025-04-25,2025-05-22
Yogesh Kumar,9876543300,Annual,10000,365,2025-03-08,2026-03-08
